pH,Digestates,Feedstock,DM,OM,TOC,TOC_TN,TN,NH4_N,NH4_TN
8.4,4,1,174,655,363.9,9.1,40,20,50
8,4,1,166.9,633,351.6,9.6,36.5,19.7,54
8.7,4,1,148.4,724,402.2,10,40.4,20,49.5
8.5,5,1,146,582,323.3,5.3,60.6,34.7,57.3
8.1,5,1,144.1,597,331.6,5.2,63.4,39.5,62.3
8.4,5,1,141,591,328.3,5.4,60.7,36.4,60
8.2,5,1,134,604,335.5,5.4,62,36,58.1
7.8,5,3,133,487,270.5,6.5,41.4,20.3,49
7.9,5,1,129,796,442.2,10.3,43,30.4,70.7
8,5,1,123.9,587,326.1,5.6,58.2,34,58.4
7.7,5,3,123,536,297.7,7,42.5,21.5,50.6
8.5,4,1,120,715,397.2,5.5,72.5,35.5,49
7.9,6,2,117,568.4,315.7,6.4,49.2,8.4,17.1
7.7,4,2,116,379,210.5,4.2,49.7,27.3,54.9
8.2,5,1,113.7,662,367.7,5.6,66,37.6,57
7.6,4,1,112,843,468.3,9,52.2,21.2,40.6
7.7,5,3,111,517,287.2,6.5,44.4,26,58.6
7.7,5,3,111,543,301.6,6.7,45.1,22,48.8
7.4,4,1,111,829,460.5,8.6,53.3,14.9,28
7.3,4,1,110,836,464.4,12.3,37.8,14,37
7.6,4,2,109,511,283.9,5.1,56.1,38.2,68.1
8.2,4,1,109,647,359.4,7.3,49.3,30.6,62.1
8,4,1,108,822,456.6,10.4,44.1,19.8,44.9
7.7,4,1,108,826,458.8,8.6,53.1,22.2,41.8
8.2,4,1,106,749,416.1,5.5,76.2,38.8,50.9
7.8,4,1,106,837,465,11.3,41.1,15.8,38.4
7.9,4,1,106,825,458.3,8.4,54.4,15.6,28.7
8,4,1,106,812,451.1,7.3,62.1,11.7,18.8
8.6,4,1,105,824,457.7,10.1,45.1,19.5,43.2
7.8,4,2,104,362,201.1,3.6,55.9,36,64.4
8,4,1,104,784,435.5,9.6,45.3,14.9,32.9
8.4,6,2,104,492.3,273.5,5,55.1,17.9,32.5
8,4,1,104,823,457.2,8.5,53.6,10.5,19.6
7.9,4,1,104,824,457.7,9.1,50.1,8.7,17.4
8,4,1,104,830,461.1,8.7,53.2,6.9,13
8,4,1,103,805,447.2,8.6,52.3,20.9,40
7.9,4,1,103,826,458.8,7.9,57.9,22.1,38.2
7.9,4,1,103,816,453.3,9.3,48.9,15,30.7
8.3,4,1,102,829,460.5,10.6,43.3,21.6,49.9
7.9,4,1,102,817,453.8,8.2,55.1,13.6,24.7
7.9,4,1,101,818,454.4,8.1,56.4,28.5,50.5
7.9,4,1,101,830,461.1,7.9,58.1,26.3,45.3
8.2,4,1,101,804,446.6,8.9,50,21.9,43.8
8.2,5,1,101,803,446.1,5.7,78.6,34.2,43.5
7.7,4,1,101,784,435.5,8.6,50.6,19,37.5
7.8,4,1,101,775,430.5,8.8,49,14.3,29.2
7.6,4,1,100,818,454.4,8,57,25.5,44.7
8.5,4,1,100,713,396.1,6,66,28,42.4
7.9,4,1,100,830,461.1,9.1,50.5,17.4,34.5
8.3,4,1,100,794,441.1,6.1,71.9,24.1,33.5
7.9,4,1,99.8,831,461.6,9.3,49.9,17.3,34.7
8.6,4,2,99.3,517.6,287.5,4.3,66.4,26.2,39.5
8,4,1,99,822,456.6,9.6,47.8,22.7,47.5
8.2,4,1,99,791,439.4,8.6,50.8,22.7,44.7
8.1,4,1,99,816,453.3,9.3,48.5,21.1,43.5
8,4,1,99,794,441.1,9.8,45.2,16.5,36.5
7.9,4,1,98.8,808,448.8,7.7,58.2,29.5,50.7
7.8,4,1,98.4,828,460,8.9,51.7,16.7,32.3
7.8,4,2,98,419,232.8,4.5,51.3,38.8,75.6
7.8,4,2,98,406,225.5,4,56,39.4,70.4
7.8,4,2,98,406,225.5,3.9,57.6,37.1,64.4
8.1,4,1,98,816,453.3,10,45.3,21.4,47.2
7.5,5,3,98,562,312.2,6.6,47.1,21.3,45.2
8.2,4,1,98,797,442.7,9.8,45,19.2,42.7
8,4,1,98,829,460.5,9.2,50.2,20.7,41.2
8,4,1,97.6,827,459.4,8.1,56.6,26.7,47.2
7.8,4,2,97,387,215,3.7,58.2,34.6,59.5
7.8,4,2,97,391,217.2,3.6,59.6,34.8,58.4
8.2,4,1,97,817,453.8,11.4,39.8,22.6,56.8
8.3,4,1,97,805,447.2,8.9,50.1,22.3,44.5
8.5,4,1,97,807,448.3,9.4,47.6,21.1,44.3
8.2,4,1,97,803,446.1,8.4,52.9,23.3,44
7.5,4,1,97,752,417.7,7.2,58.1,25.2,43.4
7.5,4,1,97,753,418.3,6.9,60.2,25.9,43
8.5,4,1,97,837,465,9.8,47.3,20,42.3
8.2,4,1,97,814,452.2,9.6,47.2,19.3,40.9
8.2,5,2,96.9,792,440,8.3,52.8,19.6,37.1
7.8,4,1,96.8,841,467.2,8.7,53.4,23.4,43.8
7.9,4,1,96.4,760,422.2,7.4,57.1,31.3,54.8
7.6,5,3,96,578,321.1,7.1,45.3,26,57.4
8.3,4,1,96,826,458.8,9.3,49.6,25.4,51.2
8.2,4,1,96,833,462.7,9.7,47.7,23.9,50.1
7.5,4,1,96,796,442.2,5.7,77.4,38,49.1
8.1,5,1,96,744,413.3,4.9,85,40.4,47.5
8.1,4,1,96,799,443.8,8.9,49.9,22.6,45.3
8.1,4,1,96,829,460.5,7.4,62.2,25,40.2
7.7,4,1,95.6,771,428.3,8.4,50.7,15.4,30.4
8.5,4,1,95,799,443.8,8.7,50.8,24.8,48.8
8.1,4,1,95,820,455.5,8.6,52.9,25.4,48
8.3,4,1,95,800,444.4,8.9,50,23.8,47.6
8.3,4,1,95,810,450,9.2,49.1,22.2,45.2
8.3,4,1,95,838,465.5,9.7,47.9,20.7,43.2
7.5,4,2,95,625,347.2,6,57.5,24.3,42.3
8.2,4,1,95,808,448.8,8.2,54.5,23,42.2
8.4,4,1,95,715.8,397.6,5.6,70.5,29.5,41.8
8.3,4,1,95,823,457.2,9.1,50.4,20.9,41.5
8.6,4,1,95,810,450,8.8,50.9,20.4,40.1
7.9,4,1,94.9,809,449.4,9.5,47.4,15.9,33.5
8.2,4,2,94.1,536.7,298.1,4.1,73.5,32.5,44.2
8.3,4,1,94,781,433.8,10.2,42.5,23.7,55.8
8,4,2,94,901,500.5,7.1,70.4,37.4,53.1
8.3,4,1,94,788,437.7,8.5,51.3,24.6,48
8.4,4,1,94,818,454.4,8.9,51,24.3,47.6
8.4,4,1,94,790,438.8,10,44.1,20.9,47.4
8.5,4,1,94,805,447.2,9,49.9,22.9,45.9
8.1,4,1,94,829,460.5,7.5,61.1,27.6,45.2
8.4,4,1,94,758.5,421.3,7,60.6,22.3,36.8
8.2,4,1,94,814,452.2,8.2,55.1,18.1,32.8
7.7,4,1,94,746,414.4,10.1,41.1,13.5,32.8
8.1,4,1,94,762.8,423.7,9.7,43.6,12.8,29.4
8.4,4,1,94,783,435,9.1,47.8,13.8,28.9
7.6,4,1,93.8,819,455,5.8,78.9,24.5,31.1
7.5,4,1,93,734,407.7,8.9,45.9,26.2,57.1
8.1,4,1,93,803,446.1,9.4,47.4,25.8,54.4
8.3,4,1,93,728,404.4,5,80.9,41.9,51.8
8.3,4,1,93,819,455,8.9,50.9,25,49.1
7.8,4,2,93,679,377.2,5.1,74.1,36.2,48.9
7.9,4,1,93,817,453.8,9.1,50,24.3,48.6
8.3,4,1,93,766,425.5,8.1,52.3,25,47.8
8.3,4,1,93,815,452.7,10,45.3,21.4,47.2
8.1,4,1,93,808,448.8,8.9,50.7,22,43.4
8,4,1,93,790,438.8,8.1,54.5,21.2,38.9
7.8,4,1,92.6,821,456.1,11.3,40.5,19.6,48.4
7.9,4,1,92.5,794,441.1,9,49.2,20.2,41.1
7.8,4,1,92.2,820,455.5,8.4,54.5,20.4,37.4
7.8,4,1,92.1,794,441.1,8.7,50.9,21.3,41.8
8.3,4,1,92,796,442.2,8.5,52.1,29.2,56
8.3,4,1,92,791,439.4,9,48.7,24.2,49.7
8,4,1,92,798,443.3,8.7,51,24.6,48.2
8.5,4,2,92,900,500,7,71.4,33.3,46.6
8.4,4,1,92,804,446.6,8.9,50.4,22.6,44.8
8.3,4,1,92,813,451.6,8.8,51.1,22.5,44
8.5,4,1,92,776,431.1,7.3,58.9,25.9,44
8.4,4,1,92,810,450,7.1,63.7,27.6,43.3
8.1,4,1,92,806,447.7,8.9,50.4,21,41.7
8.3,4,1,92,807,448.3,8.6,52.4,21.2,40.5
8,4,1,92,816,453.3,8.7,52.2,20,38.3
8.4,4,1,92,821,456.1,8.9,51.2,19.6,38.3
8.1,5,2,91.7,766,425.5,6.8,62.4,21.8,34.9
7.8,4,1,91.6,823,457.2,9.2,49.7,24.9,50.1
8.1,5,1,91.5,732,406.6,3.9,105,57.5,54.8
7.8,4,1,91.4,810,450,7.7,58.2,46,79
7.8,4,2,91,402,223.3,3.8,59.5,43,72.3
8,4,2,91,918,509.9,12.4,41,26,63.4
7.7,4,1,91,816,453.3,9.1,49.7,26.2,52.7
8.6,4,1,91,692.3,384.6,5.7,67,35.2,52.5
8.4,4,1,91,793,440.5,8.2,53.9,24.3,45.1
8.1,4,1,91,811,450.5,9.2,49,21.4,43.7
7.5,4,1,91,821,456.1,9.6,47.3,20.4,43.1
8.2,4,1,91,813,451.6,9.2,48.9,20.9,42.7
8.2,4,1,91,804,446.6,9,49.9,21,42.1
8.4,4,1,91,809,449.4,8.9,50.4,20.1,39.9
8.5,4,1,91,811,450.5,8.5,52.9,20.7,39.1
7.8,4,1,90.5,818,454.4,8.9,50.9,25.1,49.3
8.8,4,2,90.2,720.6,400.3,8.2,48.8,21.1,43.2
8.1,5,1,90,817,453.8,6.1,74.4,42.9,57.7
7.9,4,1,90,827,459.4,9.5,48.3,24.6,50.9
8.5,4,1,90,803,446.1,8.4,53.1,26.1,49.2
8,4,1,90,818,454.4,8.1,55.8,26.5,47.5
8.3,4,1,90,789,438.3,9,48.9,22.6,46.2
8.3,4,1,90,782,434.4,8.6,50.5,23.3,46.1
8.5,4,1,90,805,447.2,8.9,50.4,21.6,42.9
8.2,4,1,90,800,444.4,8.4,52.8,22,41.7
8,4,1,90,816,453.3,6.7,67.2,25.1,37.4
7.8,4,1,90,825,458.3,9.1,50.6,10.5,20.8
7.7,4,1,89.7,894,496.6,8.7,57.1,18.3,32
8.2,4,1,89,796,442.2,9.9,44.6,24,53.8
8.2,5,1,89,753,418.3,4.4,94,50.5,53.7
8.6,4,1,89,807,448.3,9.1,49.5,25.8,52.1
8.4,4,1,89,808,448.8,8.7,51.8,26.3,50.8
8.4,4,1,89,787,437.2,8.2,53.3,25.1,47.1
7.9,4,1,89,796,442.2,8.2,53.9,24.9,46.2
8,5,1,89,788,437.7,4.4,99.6,44.2,44.4
8,4,1,89,806,447.7,8,55.9,23.3,41.7
8.2,4,1,89,820,455.5,6.9,65.8,27.2,41.3
8.3,4,1,89,815,452.7,8.8,51.7,20.7,40
8.2,4,1,89,820,455.5,8.8,51.8,19.2,37.1
7.5,5,1,89,794,441.1,7.1,62.4,20.5,32.9
8.1,4,1,89,812,451.1,8.5,52.8,16,30.3
7.8,4,1,88.7,772,428.8,8.2,52.5,19.5,37.1
7.9,4,1,88.2,821,456.1,8.2,55.5,33.9,61.1
8.1,4,1,88,824,457.7,9.3,49,26.9,54.9
8.2,4,1,88,834,463.3,9.5,48.6,21.8,44.9
8.3,4,1,88,813,451.6,8.7,51.8,22.5,43.4
8.3,4,1,88,792,440,8.6,51.3,22,42.9
7.7,5,1,88,796,442.2,6.6,67,27.8,41.5
8.3,4,1,88,798,443.3,8.7,51.2,20.6,40.2
8,4,1,88,807,448.3,8.4,53.2,21,39.5
8.3,4,1,88,809,449.4,8.5,53,20.7,39.1
7.5,4,1,87.9,680,377.7,9,42.1,18.6,44.2
7.9,4,1,87.5,833,462.7,11.1,41.7,31.4,75.3
7.8,4,1,87.4,807,448.3,7.7,58.2,26.5,45.5
8,4,1,87,812,451.1,7.4,61,35.4,58
8,4,1,87,794,441.1,5.8,75.5,43.3,57.4
7.8,4,1,87,816,453.3,8.9,50.8,27.2,53.5
7.8,4,1,87,815,452.7,9.6,47.1,21.7,46.1
7.9,4,1,87,759,421.6,5.5,76.3,33.9,44.4
8.4,4,1,87,812,451.1,8.6,52.4,22.2,42.4
8.5,4,1,87,793,440.5,8.4,52.2,22.1,42.3
8.3,4,1,87,801,445,8.5,52.6,22,41.8
8.3,4,1,87,764.4,424.6,5.9,72.4,29.9,41.3
8.3,4,1,87,803,446.1,8.4,53.4,22,41.2
7.8,4,1,87,811,450.5,9.7,46.4,18.4,39.7
8.2,4,1,87,806,447.7,7.5,60,20.5,34.2
8.1,4,1,86.5,787,437.2,6.6,66.1,29,43.9
7.7,4,1,86.3,814,452.2,7.8,57.7,37.2,64.5
7.8,4,1,86.2,817,453.8,9.1,49.9,16.1,32.3
8,4,2,86,960,533.3,20.8,25.7,15.1,58.8
7.7,4,1,86,824,457.7,9.3,49.3,24.7,50.1
7.8,4,1,86,796,442.2,9.5,46.7,22.5,48.2
8.2,4,1,86,791,439.4,8.3,52.7,24.7,46.9
8,4,1,86,809,449.4,8.7,51.5,20.8,40.4
8,4,1,86,804,446.6,9,49.5,19.1,38.6
8.3,4,1,86,804,446.6,8.1,55.3,16.4,29.7
7.8,4,1,85.6,804,446.6,7.6,59.1,31.1,52.6
8.1,4,2,85.6,538.6,299.2,4.6,64.6,29.6,45.8
8.2,4,1,85.3,806,447.7,7,63.8,32.8,51.4
8.2,4,1,85.2,818,454.4,6.9,65.7,28.3,43.1
8.2,4,1,85.2,731.2,406.2,6.7,61,20,32.8
8.1,4,1,85,821,456.1,9.1,50.2,44.4,88.4
8.3,4,1,85,821,456.1,8.8,51.8,32.5,62.7
8.5,4,1,85,834,463.3,9.6,48.2,28.7,59.5
8.2,4,1,85,821,456.1,9.3,48.9,29.1,59.5
8.2,4,1,85,706,392.2,4.8,80.9,46.4,57.4
7.8,4,1,85,717,398.3,8.1,49.4,25.1,50.8
8.3,4,1,85,797,442.7,8.7,50.6,25.2,49.8
7.2,4,1,85,812,451.1,9.3,48.7,23.6,48.5
7.9,5,1,85,789,438.3,6,73,31.7,43.4
8,5,1,85,774,430,5.7,75,32.2,42.9
8.1,4,2,85,515,286.1,4.8,59.7,24.4,40.9
7.8,4,1,85,818,454.4,9.3,48.7,19.5,40
7.9,4,1,85,799,443.8,8.5,52,18.9,36.3
8.1,4,1,85,725,402.7,5.4,74.2,24.7,33.3
8,4,1,84.8,818,454.4,7.9,57.8,23.5,40.7
8.8,4,1,84.6,734,407.7,5.9,68.6,33.1,48.3
7.7,4,1,84,821,456.1,9.2,49.4,24.1,48.8
8.4,4,1,84,820,455.5,9.6,47.4,23,48.5
8,4,1,84,790,438.8,8.2,53.7,24.4,45.4
7.6,4,1,84,840,466.6,14,33.4,13.3,39.8
8.1,4,1,84,807,448.3,8.8,51,19.9,39
7.5,4,1,84,840,466.6,12.2,38.2,14.9,39
8.1,4,1,84,801,445,9,49.4,19.2,38.9
7.5,5,1,84,802,445.5,8.2,54.4,17.9,32.9
8.2,4,1,84,797,442.7,8.1,54.4,17.3,31.8
8.2,4,2,83,907,503.8,11.2,44.8,22.9,51.1
8.1,4,1,83,795,441.6,8.3,53.1,26,49
7.6,4,1,83,717,398.3,6.6,60.8,28.8,47.4
8.1,4,1,83,795,441.6,8.6,51.5,22.6,43.9
8,4,1,83,755,419.4,6.4,65.7,27.7,42.2
7.8,4,1,83,815,452.7,9.1,49.6,19.3,38.9
7.6,4,1,82.7,815,452.7,8.5,53,14.8,27.9
8,4,1,82.5,817,453.8,8.1,56.2,30.4,54.1
7.9,4,1,82.5,812,451.1,7.6,59.5,31.1,52.3
8.3,4,1,82.5,832,462.2,8.8,52.8,27.5,52.1
8.1,4,1,82.1,785,436.1,7.1,61.5,17.4,28.3
8,4,1,82,808,448.8,8.7,51.3,26.3,51.3
7.6,5,1,82,804,446.6,5.3,84.1,40.6,48.3
8.2,4,1,82,790,438.8,7.5,58.6,27.8,47.4
8,5,1,82,776,431.1,5.8,74,33.1,44.7
8.3,4,1,82,790,438.8,7.8,56.1,23.7,42.2
7.5,4,1,82,761,422.7,9,46.9,16.2,34.5
8.3,4,1,81.9,808,448.8,6.3,71.3,31.4,44
8.2,4,1,81.3,807,448.3,6.9,64.6,29,44.9
8.2,4,1,81.1,814,452.2,7.5,60.4,34.8,57.6
8,4,1,81,807,448.3,8.4,53.4,25.8,48.3
7.9,4,1,81,816,453.3,7.6,59.9,25.8,43.1
7.6,4,1,81,817,453.8,9.4,48.1,19.8,41.2
8.2,4,1,81,798,443.3,8.3,53.5,20.8,38.9
8.2,4,1,81,782,434.4,6.9,62.8,24.4,38.9
7.8,4,1,81,732,406.6,9.8,41.4,15.4,37.2
8,4,1,81,794,441.1,8.9,49.3,17,34.5
7.6,4,1,81,766,425.5,9,47.3,13.1,27.7
7.9,4,1,80.3,807,448.3,8.1,55.4,40.7,73.5
8.1,4,1,80,807,448.3,8.3,54.1,27.6,51
7.7,4,1,80,745,413.8,6.8,60.8,30.7,50.5
7.8,4,1,80,807,448.3,8.8,51,25,49
7.5,4,1,80,774,430,7.9,54.4,25.5,46.9
7.8,4,1,80,806,447.7,9,49.5,21.7,43.8
8.2,4,1,80,777,431.6,7,61.4,24.7,40.2
7.9,4,1,80,725,402.7,8.6,47.1,14.2,30.1
7.5,4,1,80,827,459.4,10.4,44,12.3,28
7.4,4,2,80,592,328.9,7.6,43.4,8.3,19.1
8.2,4,1,79.8,802,445.5,7.2,62.3,50.6,81.2
8,4,1,79.7,746,414.4,6.4,65,24.6,37.8
8.2,4,1,79.3,792,440,6.7,65.4,34,52
7.9,4,1,79,811,450.5,8,56.1,30.3,54
8.2,4,1,79,813,451.6,6.9,65.3,32.9,50.4
8.2,4,1,79,818,454.4,8.6,52.8,23.5,44.5
7.8,4,1,79,751,417.2,4.8,87.1,38.4,44.1
7.7,5,1,79,733,407.2,5.2,77.6,29.4,37.9
7.7,4,1,79,773,429.4,10.6,40.6,14.8,36.5
8.1,4,1,79,796,442.2,7.4,59.4,15.9,26.8
8.3,4,1,79,796,442.2,7.2,61.6,16.3,26.5
7.4,4,2,79,587,326.1,6,54.7,9.3,17
7.9,4,1,78.9,813,451.6,7.3,62.1,25.2,40.6
7.9,4,1,78.8,789,438.3,7.4,59,26.2,44.4
8.1,4,1,78.3,809,449.4,7.8,57.5,31.9,55.5
8.2,4,1,78,799,443.8,7.6,58.5,28.1,48
8.3,4,1,78,693.6,385.3,5.5,70.5,28.2,40
7.8,4,1,78,821,456.1,8.5,53.4,21.2,39.7
8.3,4,1,78,690,383.3,4.2,91,35.9,39.5
8.2,4,1,78,805,447.2,8.1,55.1,21.6,39.2
7.7,5,1,78,684,380,4.8,78.7,29.6,37.6
7.9,4,1,78,760,422.2,9,47.1,15.1,32.1
8,5,2,77.9,758,421.1,7.1,59.1,24.6,41.6
8.2,5,2,77.8,719,399.4,6,66.2,31.2,47.1
8.3,4,1,77.1,805,447.2,7.8,57.5,35.7,62.1
7.7,4,1,77,747,415,6.6,62.6,43,68.7
7.9,4,1,77,808,448.8,7.9,56.8,27.9,49.1
8.3,4,1,77,729.9,405.5,7.1,57.1,26,45.5
7.9,4,1,77,802,445.5,7,64.1,26.9,42
7.8,4,1,77,785,436.1,6.1,71.8,29.6,41.2
7.9,4,1,77,648,360,8.8,41,16.7,40.7
8,4,2,77,618,343.3,4.2,81.7,31.1,38.1
8,4,1,77,796,442.2,7.3,60.5,16.5,27.3
8.2,4,1,76.1,805,447.2,6.1,72.9,31,42.5
8.2,4,2,76,910,505.5,9.2,54.9,30.3,55.2
7.8,4,1,76,807,448.3,8.2,54.7,29.8,54.5
8,4,2,76,908,504.4,9.2,54.9,29.6,53.9
7.5,5,1,76,678,376.6,5.4,69.9,36.8,52.6
8.2,4,1,76,810,450,9.2,48.8,24.4,50
8.3,4,1,76,670,372.2,5.3,70,32,45.7
8.3,4,1,76,668.4,371.3,5.3,69.7,31.6,45.3
8.1,4,2,76,582,323.3,3.6,89.5,35.7,39.9
7.2,5,2,76,740,411.1,8.1,50.9,17.8,35
8.2,4,1,76,793,440.5,8.4,52.6,18.3,34.8
8.5,4,1,75.9,747,415,5.1,81.7,47.4,58
8,4,1,75.8,788,437.7,7.3,59.9,25.2,42.1
8,4,1,75.8,814,452.2,7.6,59.6,24.8,41.6
7.9,4,1,75.4,772,428.8,7.3,58.6,33.7,57.5
7.9,4,1,75.3,755,419.4,9.5,44.2,38.4,86.9
7.6,4,1,75,846,470,16.1,29.2,15.5,53.1
7.4,4,2,75,666,370,5.2,71.4,32.8,45.9
7.9,4,2,75,801,445,8,55.6,21.1,37.9
7.6,4,1,75,876,486.6,14.6,33.4,12.2,36.5
8,4,1,75,768,426.6,8.4,50.8,17.6,34.6
7.8,4,1,74.7,803,446.1,8,55.7,41.4,74.3
7.9,4,1,74.3,784,435.5,7.6,57.3,40.3,70.3
8.2,4,2,74,554,307.7,5.8,53.5,39.3,73.5
7.8,4,1,74,726,403.3,7,57.3,35.7,62.3
8,4,1,74,740,411.1,4.5,91.9,55.9,60.8
8.8,4,3,74,712,395.5,9.5,41.6,25,60.1
8.3,5,1,74,599,332.7,4,84.1,49.9,59.3
8,4,1,74,808,448.8,8.1,55.3,29.1,52.6
8,4,1,74,809,449.4,8.1,55.4,28.7,51.8
7.7,4,1,74,812,451.1,8.3,54.2,27.9,51.5
7.9,4,1,74,800,444.4,8.3,53.8,27.1,50.4
8,4,2,74,655,363.9,3.1,117,57.1,48.8
7.7,5,1,74,688,382.2,4.7,81.2,37.3,45.9
7.8,5,1,74,790,438.8,5.5,80.4,36.1,44.9
7.6,5,1,74,744,413.3,5.7,72,32.1,44.6
8.4,4,1,74,770.3,427.9,7,60.8,27,44.4
8.2,4,1,74,732.3,406.8,3.4,119,52.7,44.3
7.7,4,2,74,597,331.6,4.2,78.6,33,42
8,4,1,74,785,436.1,9.7,45,15,33.3
7.5,4,2,74,814,452.2,8.1,56.1,14.9,26.6
7.9,4,2,73.8,647.7,359.8,4.3,83.3,41.5,49.8
8,5,1,73.5,713,396.1,3.5,112,63.8,57
8.2,5,2,73.1,709,393.8,5.9,67.3,32.9,48.9
8.1,4,1,73.1,781,433.8,6.3,69.4,32.1,46.3
7.8,4,2,73,741,411.6,6,68.9,62.1,90.1
8,4,1,73,479,266.1,4.6,57.5,31.5,54.8
8.2,4,2,73,657,365,3.2,114,60.4,53
8,4,1,73,755,419.4,5.4,77.3,39.3,50.8
8.2,4,1,73,833,462.7,9.9,46.9,21.6,46.1
8.1,4,1,73,806,447.7,8.4,53.3,23.3,43.7
7.8,4,2,73,849,471.6,8.7,54.2,20.5,37.8
8.1,4,1,73,786,436.6,7.9,55.5,19.1,34.4
8.2,4,1,72.9,795,441.6,6.3,70.1,31.7,45.2
7.9,4,1,72.8,790,438.8,7.4,59.1,27.6,46.7
8.4,4,1,72.2,691.1,383.9,4.4,87.3,41.6,47.7
7.9,4,1,72.1,781,433.8,7.3,59.7,28.1,47.1
8.3,4,3,72,605,336.1,3.1,107,64.2,60
8.1,5,1,72,531,295,4.1,71.1,38.8,54.6
7.5,4,1,72,739,410.5,6.4,64,31.7,49.5
7.7,5,1,72,677,376.1,4.5,83.2,39.9,48
7.3,4,1,72,860,477.7,12.8,37.3,15.3,41
7.7,4,1,71.8,814,452.2,6.4,70.9,25.3,35.7
8.5,4,1,71.5,614,341.1,2.3,149.7,76.9,51.4
8.1,4,2,71.5,566.4,314.6,3.6,88,39.4,44.8
8,4,3,71,797,442.7,9,49.3,42.7,86.6
8.4,4,2,71,736,408.8,3.7,112,75.5,67.4
7.9,4,2,71,812,451.1,3.9,117,68.6,58.6
7.7,4,1,71,795,441.6,7.8,56.8,30.3,53.3
7.5,5,1,71,689,382.7,4.7,81.5,42.7,52.4
8.8,4,2,71,592,328.9,2.5,130,63.8,49.1
8.2,4,2,71,612,340,3.4,99.4,48,48.3
8.1,4,2,71,674,374.4,2.7,139,66.6,47.9
8.2,4,2,71,721,400.5,3.7,108,51.4,47.6
7.6,5,1,71,721,400.5,4.7,85.1,35.1,41.2
7.4,4,1,71,822,456.6,9.5,48,18.4,38.3
7.5,4,2,71,810,450,7.6,59.3,22.3,37.6
8.6,4,2,71,763,423.8,7.4,57.6,21.1,36.6
8,4,1,71,758,421.1,8.1,52.3,19.1,36.5
8.2,4,1,70.7,769.4,427.4,7.4,58,19.8,34.1
8.1,4,1,70.5,714.9,397.1,6.1,65.2,21.3,32.7
8.5,4,1,70.4,730.1,405.6,7.3,55.4,19.9,35.9
7.9,4,2,70,659,366.1,3.7,98.6,78,79.1
8.4,4,2,70,722,401.1,3.4,116.5,83.9,72
8.2,4,3,70,407,226.1,2.8,82.1,55,67
7.9,4,1,70,770,427.7,8.4,51.1,33.4,65.4
7.7,4,2,70,781,433.8,4.9,88.9,58,65.2
7.7,4,1,70,688,382.2,6.1,63.1,39.1,62
7.7,4,2,70,788,437.7,7.3,60,32.6,54.3
8.4,4,3,70,798,443.3,9.8,45.3,23.9,52.8
8.3,4,1,70,720,400,6.2,64.3,28.6,44.5
7.8,4,1,70,806,447.7,8.2,54.6,23.7,43.4
7.6,4,2,70,732,406.6,4.2,97,38.1,39.3
7.8,4,1,70,805,447.2,8.7,51.3,20.1,39.2
7.9,4,1,70,800,444.4,7.9,56.5,21.8,38.6
8.1,4,2,70,692,384.4,3,130,48.7,37.5
8.1,4,1,70,761,422.7,8.6,49.2,17.3,35.2
7.6,4,2,69,867,481.6,15.7,30.6,27.2,88.9
8,4,1,69,766,425.5,8.9,48,40.2,83.8
7.9,4,2,69,840,466.6,12,38.8,29.6,76.3
8.3,4,2,69,460.9,256,2.5,103,70.4,68.3
7.8,4,1,69,789,438.3,7.6,57.3,34.7,60.6
8.3,4,2,69,446.4,248,2.5,100,60.1,60.1
8.2,4,3,69,592,328.9,3.3,98.6,58,58.8
7.3,4,3,69,808,448.8,8.1,55.1,32.1,58.3
8.1,4,2,69,563,312.7,2.7,116,64.5,55.6
8,4,1,69,795,441.6,7.1,61.9,33,53.3
8.1,4,2,69,606,336.6,2.6,128,67,52.3
7.7,5,1,69,725,402.7,6.5,61.9,29.3,47.3
7.6,4,1,69,739,410.5,9.1,45.1,21.3,47.2
8.4,4,1,69,746.4,414.6,6.2,66.7,29,43.5
7.5,5,1,69,714,396.6,4.8,83.5,35.6,42.6
7.9,4,1,69,761,422.7,8.4,50.5,21.5,42.6
7.6,4,1,69,860,477.7,10.3,46.3,16.4,35.4
8.3,4,1,69,788,437.7,6.7,65.4,17,26
8.1,4,1,68.6,777,431.6,9,48.1,13.1,27.2
8.2,4,1,68.6,781.3,434,8.3,52.5,13.1,25
8,4,1,68.4,839.2,466.2,6.4,73.1,32.2,44
8.1,4,1,68.2,777.1,431.7,6.3,68.9,20.5,29.8
7.9,5,1,68,700,388.9,5.4,72.6,44.1,60.7
7.6,5,1,68,676,375.5,4.5,82.8,45.9,55.4
8.1,4,3,68,564,313.3,3.1,102,51.9,50.9
7.9,4,1,68,812,451.1,7.7,58.9,29.5,50.1
7.4,4,2,68,794,441.1,7.5,58.7,26,44.3
7.9,4,1,68,745,413.8,8.1,51.4,20.3,39.5
8,4,1,67.5,730.4,405.7,6.8,59.3,19.3,32.5
8.3,4,2,67,414.9,230.5,2.5,93.7,63.3,67.6
8.8,4,2,67,604,335.5,2.2,150,85.4,56.9
8,4,1,67,782,434.4,7.1,61.2,34.8,56.9
7.5,5,1,67,705,391.6,5.8,68.1,36.1,53
7.9,4,2,67,855,475,8.5,56,27.7,49.5
8,4,1,67,834.3,463.5,11.5,40.3,14.9,37
7.6,4,1,67,845,469.4,2.3,206,25.4,12.3
8.3,4,2,66,720,400,3.6,111,81.3,73.2
8.4,4,2,66,415.2,230.6,2.3,98.9,65.5,66.2
7.6,5,1,66,718,398.8,6.4,62.3,37.1,59.6
8.2,4,3,66,569,316.1,2.8,111,65.7,59.2
8.3,4,2,66,496,275.5,2.4,116,63.3,54.6
7.7,4,2,66,787,437.2,6.3,69.7,34.2,49.1
7.7,4,1,66,785,436.1,7.2,60.9,28.9,47.5
8.1,4,1,66,707,392.7,3.9,99.5,45,45.2
7.6,4,1,66,850,472.2,12,39.5,16.9,42.8
8.4,4,1,66,731.8,406.5,6.2,65.2,21.2,32.5
8.2,5,1,65.6,522,290,2.5,114,38.5,33.8
7.6,4,1,65.4,826,458.8,2,226,26,11.5
8.2,4,3,65,529,293.9,2.7,108,66.6,61.7
8.2,4,3,65,537,298.3,2.8,107,64.4,60.2
8.1,4,3,65,549,305,2.8,109,65.3,59.9
8.4,4,3,65,552,306.6,2.7,112,60.6,54.1
7.5,4,1,65,788,437.7,7.8,55.8,28.3,50.7
7.6,5,1,65,776,431.1,6.9,62.3,30.5,49
8,4,1,65,803,446.1,8,56,27,48.2
7.6,5,1,65,770,427.7,5.7,75.2,35.3,46.9
7.8,4,1,65,791,439.4,11.8,37.2,16.7,44.9
8.5,4,2,65,636,353.3,2.7,130,58.3,44.8
7.6,4,1,65,858,476.6,12.3,38.9,16.7,42.9
8.2,5,2,65,632,351.1,4.4,80.7,33.1,41
7.8,4,1,65,804,446.6,8.5,52.6,20.4,38.8
8.1,4,1,65,704.6,391.4,5.8,67.7,24.6,36.3
7.7,4,1,65,814,452.2,8.7,51.7,18.4,35.6
8.2,4,2,64,709,393.8,3.4,117,85,72.6
8.1,4,3,64,615,341.6,3.2,106,66.1,62.4
8.6,4,3,64,572,317.7,2.8,113,70.4,62.3
7.7,4,2,64,786,436.6,6.6,66.6,36.4,54.7
7.6,5,1,64,698,387.7,5.2,74.5,38.4,51.5
8.5,4,1,64,662.5,368,5.6,65.6,32.8,50
7.9,4,1,64,760,422.2,4.2,99.7,49.1,49.2
8.2,4,3,64,515,286.1,2.6,108,50,46.3
8.3,4,2,64,613,340.5,2.8,123,56.4,45.9
8.3,4,1,64,777,431.6,7.6,56.5,22.7,40.2
7.8,4,1,64,804,446.6,7.7,58.1,20.4,35.1
8.2,4,1,63.2,699.1,388.4,4.9,79.2,31.7,40
8.1,4,3,63,635,352.7,4.2,84,75.8,90.2
8.3,4,3,63,492,273.3,2.5,110,76.3,69.4
8.3,4,3,63,566,314.4,2.6,122,78.8,64.6
8.1,4,2,63,474.6,263.6,2.5,107,69,64.5
8.1,4,2,63,847,470.5,5.1,93.1,53.1,57
8.1,4,1,63,813,451.6,6.9,65.9,36.3,55.1
8.3,4,3,63,612,340,3.1,111,60.8,54.8
8.3,4,3,63,566,314.4,2.8,114,61.2,53.7
8,4,1,63,852,473.3,6.8,69.3,35.7,51.5
7.9,4,1,63,862,478.8,15.2,31.6,16.2,51.3
7.5,4,2,63,788,437.7,7.1,61.7,30.8,49.9
8,4,2,63,607,337.2,8.2,40.9,19.7,48.2
8.9,4,2,63,579,321.6,2.5,129,61.7,47.8
7.7,4,1,63,887,492.7,14.9,33.1,15.1,45.6
7.4,4,2,63,807,448.3,6.3,71.1,24.1,33.9
8.3,4,1,63,714.3,396.8,6.4,61.9,20.6,33.3
8.2,4,2,62.8,717,398.3,3.4,115.7,81.7,70.6
8,4,1,62.6,741.2,411.7,6.1,67.1,22.4,33.4
7.7,4,1,62.4,837,465,2.6,177,32.1,18.1
8.1,4,1,62.2,673.6,374.2,4.3,86.8,33.8,38.9
8.3,4,1,62.2,739.5,410.8,6.6,62.7,20.9,33.3
7.9,5,1,62,776,431.1,5.1,83.9,56.6,67.5
8.2,4,3,62,605,336.1,3.5,95.8,60.2,62.8
7.5,4,3,62,787,437.2,6.4,68.5,42.3,61.8
8.7,4,3,62,761,422.7,8.9,47.7,29.4,61.6
8.3,4,3,62,573,318.3,2.8,115,70.8,61.6
8.2,4,1,62,716,397.7,7.4,53.5,29.3,54.8
7.7,5,1,62,551,306.1,2.9,106,56.7,53.5
7.9,4,2,62,846,470,6.9,68.2,36.1,52.9
8.2,4,2,62,604,335.5,3.4,99,48.4,48.9
7.6,4,1,62,837,465,8.9,52.5,25.5,48.6
7.5,4,1,62,789,438.3,7.7,56.6,25.3,44.7
7.5,4,2,62,813,451.6,7,64.4,27.8,43.2
7.5,4,1,62,829,460.5,9.6,48.1,17.3,36
8.2,4,1,62,746,414.4,6.4,64.4,21.2,32.9
7.6,4,1,62,844,468.8,2.5,190,25.8,13.6
7.7,5,2,61.8,683,379.4,5,75.2,33.1,44
8.2,4,1,61.7,693.7,385.4,4.2,91.1,55.4,60.8
8.4,4,1,61.3,787.9,437.7,7.5,58.7,21.2,36.1
8,4,2,61.2,568.6,315.9,3.1,100.8,47.1,46.7
8.1,5,3,61,583,323.9,3.5,93,64.3,69.1
8.4,4,2,61,900,500,3.6,139,90.6,65.2
8.5,4,3,61,577,320.5,2.9,110,69.2,62.9
8.7,4,3,61,570,316.6,2.7,116,72.2,62.2
7.8,5,1,61,714,396.6,4.7,84.6,49,57.9
8.9,4,2,61,655,363.9,2.3,158,80.4,50.9
7.9,4,1,61,739,410.5,3.8,107,53.9,50.4
7.5,4,2,61,796,442.2,8.1,54.3,27.1,49.9
7.8,4,2,61,778,432.2,6.8,63.3,30.8,48.7
7.8,4,2,61,567.2,315.1,3.2,98.9,46.1,46.6
7.9,5,1,61,764,424.4,4.8,87.8,39.1,44.5
8.1,4,1,61,702,390,4.5,86.2,36.3,42.1
7.7,4,1,61,828,460,8.3,55.2,21.9,39.7
8.2,4,1,61,784,435.5,7.7,56.9,22.4,39.4
7.9,4,1,60.9,719,399.4,5.5,72.3,50.1,69.3
7.8,4,1,60.2,682,378.9,5.4,70.6,47.2,66.9
8.3,4,3,60,552,306.6,3.3,94.2,63.5,67.4
8.4,4,2,60,750,416.6,2.9,142,91.8,64.6
8.3,4,3,60,600,333.3,2.6,129,75.7,58.7
7.6,5,1,60,696,386.6,5.4,72,41.2,57.2
8.1,4,2,60,903,501.6,8.9,56.4,32.2,57.1
7.5,4,1,60,820,455.5,8.4,54.4,28,51.5
7.7,5,1,60,719,399.4,4.2,95.7,42,43.9
7.6,4,2,60,796,442.2,6.6,67.3,28.3,42.1
8,4,1,60,820,455.5,7.9,58,22.1,38.1
8.2,4,2,60,613,340.5,1.8,190,55.7,29.3
8.1,4,1,59.2,630,350,4.7,74.5,49.3,66.2
8.7,4,2,59.2,562.5,312.5,3.1,100.8,50,49.6
8.2,4,2,59.1,614.2,341.2,3.5,96.4,52.5,54.5
7.9,5,3,59,586,325.5,4.2,76.6,57,74.4
7.8,4,2,59,728,404.4,4.4,92.5,63.2,68.3
8.4,4,2,59,474.6,263.6,2.3,113.7,68.5,60.2
7.9,4,1,59,778,432.2,6.5,67,38.4,57.3
7.5,5,1,59,763,423.8,6.4,66.3,36.1,54.4
8.2,4,2,59,704,391.1,3.2,124,65.4,52.7
8.1,5,1,59,799,443.8,4.4,102,43.2,42.4
7.9,4,2,59,785,436.1,7,62.7,23.2,37
8.3,4,1,59,727.1,403.9,7,57.6,15.3,26.6
8.2,4,3,58.8,692,384.4,13.5,28.4,12.5,44
8.2,4,2,58.5,559,310.5,3,104.3,43.1,41.3
8.6,4,2,58,727,403.8,2.6,153,101.9,66.6
8.4,4,3,58,633,351.6,3.9,90.2,59.1,65.5
7.3,4,2,58,780,433.3,6.2,69.8,40.8,58.5
8.2,5,3,58,583,323.9,2.9,112,64.3,57.4
8.4,5,3,58,577,320.5,4.2,77,41,53.2
8.1,5,3,58,585,325,3.2,103,54.3,52.7
7.4,5,1,58,754,418.8,5.9,71.4,35.9,50.3
8.4,4,2,58,608,337.7,2.7,124,60.4,48.7
7.8,4,2,58,784,435.5,6.3,68.6,32.1,46.8
8.6,4,2,58,608,337.7,2.4,142,64.8,45.6
8.3,4,2,58,619,343.9,2.7,128,57.6,45
7.9,4,2,58,792,440,6,73.3,31.2,42.6
9,4,2,58,645,358.3,2.5,143,58.6,41
8.4,4,1,58,672.4,373.5,4.9,75.9,29.3,38.6
7.7,4,2,58,612,340,3.5,98.2,0.1,0.1
8.1,4,2,57.7,565,313.9,3.1,99.8,44.9,45
7.8,4,2,57.7,561.5,311.9,3.2,99,39.5,39.9
7.6,5,2,57.6,722,401.1,5.6,72,34.4,47.8
8.3,4,2,57.3,492.1,273.4,2.2,122.5,72.8,59.4
8.1,5,3,57,572,317.7,3.4,94.2,75.1,79.7
7.7,4,2,57,757,420.5,4,105,77,73.3
7.9,4,2,57,689,382.7,5.2,73,49,67.1
8.8,4,2,57,539,299.4,2,153,90.8,59.3
8.3,4,2,57,711,395,2.5,155,91.2,58.8
7.8,4,2,57,749,416.1,5.2,79.8,40.8,51.1
8.2,4,2,57,699,388.3,4.1,94,44,46.8
7.7,5,1,57,738,410,5.5,74.9,33.2,44.3
7.6,4,2,57,797,442.7,6.7,66.3,28.5,43
8.1,4,1,57,757,420.5,6.9,61.1,25.7,42.1
7.7,4,1,57,813,451.6,8.1,55.9,22.1,39.5
8.1,4,2,57,822,456.6,3.5,132,38.3,29
7.9,5,1,56.6,651,361.6,2.5,145,81.2,56
8.3,4,1,56.6,729.7,405.3,9.6,42.4,10.6,25
8.3,4,3,56.2,578,321.1,2.9,112,70.6,63
8,4,1,56.2,774,430,5.8,73.5,41.3,56.2
8.2,5,2,56.2,687,381.6,4,94.9,43.9,46.3
8,4,2,56,707,392.7,3.9,101,75.9,75.1
7.9,4,2,56,628,348.9,3.7,94,64.7,68.8
8,4,1,56,743,412.7,7.2,57.2,38.1,66.6
8.1,5,3,56,580,322.2,2.7,120,75.4,62.8
8,5,1,56,575,319.4,3.4,95,59.6,62.7
8.3,4,2,56,482.1,267.8,2.2,122.5,67.3,54.9
8.2,4,1,56,755,419.4,3.9,108,58.5,54.2
7.9,4,2,56,683,379.4,4.1,92.3,48.8,52.9
8.7,5,1,56,631,350.5,2.7,130,68.6,52.8
7.8,4,2,56,759,421.6,3.8,110,54.1,49.2
8.3,4,2,56,701,389.4,3.5,110,52.6,47.8
8.5,4,2,56,568,315.5,2.4,133,60.6,45.6
7.6,4,2,56,790,438.8,6.3,69.8,31.8,45.6
8.2,4,1,56,758,421.1,6.8,61.5,25.6,41.6
8.7,4,3,56,710,394.4,7.3,54.1,21.6,39.9
7.9,4,2,56,728,404.4,4.9,82.7,31.3,37.8
7.9,4,2,55.7,712,395.5,3.2,124,70,56.5
8.3,4,2,55,732,406.6,2.9,140,87.1,62.2
8.4,4,2,55,747,415,3.5,120,72.7,60.6
7,4,3,55,788,437.7,5.8,75.6,44.9,59.4
8.2,4,3,55,547,303.9,2.5,120,69.3,57.8
8.1,4,2,55,817,453.8,3.3,138,78.7,57
7.9,5,1,55,761,422.7,4.7,89.3,47.7,53.4
7.4,4,1,55,800,444.4,7.6,58.3,30.4,52.1
7.7,4,2,55,825,458.3,5.7,80,41.7,52.1
8,4,1,55,759,421.6,3.8,111,57.7,52
8.2,4,1,55,730,405.5,3.8,108,55.7,51.6
7.7,4,1,55,846,470,11.5,40.9,20.8,50.9
8,4,1,55,746,414.4,3.8,109,54.7,50.2
7.9,4,1,55,800,444.4,6.7,66.1,31.9,48.3
7.9,4,2,55,612,340,4.6,73.5,34,46.3
8.2,4,2,55,709,393.8,3.2,124,55.6,44.8
8,4,1,55,755,419.4,5.9,70.9,24.6,34.7
8.3,4,1,55,701.8,389.8,5.1,76.4,23.6,30.9
8.2,4,3,54.2,500,277.8,2.6,108,71.9,66.6
8,4,1,54.1,757,420.5,4.9,86.6,46.4,53.6
8,5,3,54,590,327.7,3,111,77.6,69.9
8,4,2,54,603,335,4.6,73.1,46.5,63.6
8,4,3,54,775,430.5,3.1,140,88.1,62.9
7.4,4,2,54,735,408.3,3.6,113,69.3,61.3
8.1,4,2,54,734,407.7,3,134,81.1,60.5
8,5,3,54,588,326.6,3,109,64.3,59
7.9,4,1,54,769,427.2,5.8,73.3,43,58.7
8.5,4,3,54,767,426.1,5.3,80.9,46.7,57.7
7.6,4,1,54,825,458.3,8.2,56.1,29.1,51.9
8.4,4,2,54,718,398.8,2.5,159,81.3,51.1
7.9,4,2,54,688,382.2,4.1,92.6,46,49.7
7.7,5,1,54,734,407.7,5.8,70.6,34.6,49
7.5,4,2,54,802,445.5,6.6,67.4,30.9,45.8
8.7,4,3,54,465,258.3,4.2,61.7,27.8,45.1
8.2,4,2,54,702,390,3.2,120,53.9,44.9
7.8,4,1,54,758,421.1,6.6,63.7,28.6,44.9
8,4,2,54,679,377.2,4.8,78.5,34.8,44.3
7.9,5,1,54,726,403.3,4.5,90,35.9,39.9
8.1,4,2,54,558,310,2.4,130,10.2,7.8
8,4,2,53.7,712,395.5,3.1,126.9,91.2,71.9
8,4,2,53.7,711.4,395.2,3.1,127,91.2,71.8
7.6,4,1,53.3,803,446.1,7.5,59.4,32.3,54.4
8,4,1,53,707,392.7,4.2,92.5,70.4,76.1
8.1,4,2,53,541,300.5,2.7,110,83.4,75.8
8.1,4,2,53,558,310,3.9,78.9,57,72.2
8.1,4,2,53,439,243.9,2,120,80.2,66.8
8,4,2,53,552,306.6,3.9,79.4,51.2,64.5
8.1,4,2,53,447,248.3,2.1,120,74.4,62
8.1,4,2,53,770,427.7,3.6,118,73,61.9
8.4,4,3,53,773,429.4,10.6,40.6,24.3,59.9
8.1,5,3,53,583,323.9,2.8,116,68.1,58.7
8.9,4,2,53,487,270.5,1.4,192,108.6,56.6
7.9,5,1,53,775,430.5,4.4,97.7,52.2,53.4
8.4,4,2,53,722,401.1,2.6,157,77.8,49.6
8.4,4,2,53,565,313.9,2.3,136,66.9,49.2
7.1,4,1,53,876,486.6,13.7,35.6,17,47.8
8.1,4,2,53,642,356.6,4.7,75.5,33.9,44.9
7.8,4,2,53,737,409.4,2.6,160,69.6,43.5
7.7,4,1,52.5,722,401.1,5.3,75.6,50.4,66.7
7.8,4,1,52.3,710,394.4,4.6,86,56.2,65.3
7.7,4,1,52.1,690,383.3,5.1,74.9,39.3,52.5
8.4,5,1,52,771,428.3,3.4,125,92.2,73.8
8.2,4,3,52,564,313.3,2.7,115,83.1,72.3
8,4,1,52,710,394.4,4.1,95.6,68.3,71.4
7.8,4,2,52,698,387.7,3,128,89.6,70
7.9,4,2,52,610,338.9,3.6,94.3,65.9,69.9
8.1,4,1,52,692.3,384.6,5.4,71.2,48.1,67.6
7.8,5,1,52,540,300,2.8,106,67.9,64.1
8.2,4,3,52,766,425.5,3.5,122,76.2,62.5
8.3,4,2,52,553,307.2,2.1,144,88.3,61.3
9,4,3,52,735,408.3,6.2,65.6,38.8,59.1
8.3,4,2,52,552,306.6,2.2,142,83.8,59
8.2,4,3,52,570,316.6,2.5,126,74,58.7
7.9,4,2,52,648,360,4.4,81,38.8,47.9
7.8,4,1,51.6,693,385,5.2,73.5,48.7,66.3
7.9,5,1,51,750,416.6,3.5,120,93.1,77.6
7.8,5,1,51,749,416.1,3.6,117,90.2,77.1
8.2,4,2,51,559,310.5,4,78.4,60.2,76.8
7.8,4,2,51,539,299.4,4.8,61.8,44.5,72
8.2,4,2,51,553,307.2,4,77.5,53.5,69
7.7,4,2,51,608,337.7,3.5,97.3,66.9,68.8
7.6,4,2,51,844,468.8,7.6,62,42.6,68.7
8,5,1,51,516,286.6,2.5,115,77.5,67.4
8.1,4,2,51,767,426.1,3.5,123,79.4,64.6
8.1,5,1,51,756,420,3.8,111,69.8,62.9
8,4,1,51,777,431.6,6.6,65.8,39.8,60.5
8.3,5,1,51,687,381.6,7.5,50.9,29.8,58.5
8.4,4,2,51,797,442.7,2.8,157,89.8,57.2
7.6,5,1,51,728,404.4,5.2,77.3,42.5,55
8.6,4,3,51,479,266.1,4,66.5,35.1,52.8
7.9,4,2,51,665,369.4,2.8,130,68.5,52.7
7.3,4,1,51,799,443.8,6,74.5,34,45.6
8.7,4,3,51,459,255,4.4,58,24.4,42.1
8.2,4,1,50.8,746,414.4,5,82.6,56.8,68.8
7.6,5,2,50.6,712,395.5,4,99.3,42.2,42.5
8.1,4,3,50.2,610,338.9,2.5,135,94.9,70.3
8.2,4,2,50.2,703,390.5,3.1,124.3,76.9,61.9
7.8,4,2,50,566,314.4,4.8,65.6,60.8,92.7
8,4,2,50,532,295.5,3.1,96,71.9,74.9
7.7,4,2,50,703,390.5,3.1,128,91.9,71.8
8.1,5,1,50,766,425.5,3.5,122,83.1,68.1
8.2,4,3,50,616,342.2,3.5,98.6,57,57.8
7.9,4,2,50,694,385.5,3.6,108,62.1,57.5
8.6,4,2,50,577,320.5,1.5,213,115.4,54.2
8.1,4,2,50,669,371.6,3.1,120,61,50.8
7.4,4,1,50,831,461.6,14.4,32,16,50
8.7,4,3,50,500,277.8,3.9,71,33.8,47.6
8.2,4,1,50,676,375.5,4,94,40,42.6
8.6,4,3,50,553,307.2,2.7,114,42.8,37.5
8.4,5,1,50,684,380,6.8,56,14,25
8.3,4,2,49.9,575.2,319.5,2.9,109.6,43.1,39.3
8.2,4,1,49.8,738,410,4.8,85.8,53.1,61.9
7.7,4,2,49.2,633,351.6,3.4,102,50.9,49.9
7.9,4,2,49,552,306.6,4.1,75.5,60.2,79.7
7.8,4,2,49,682,378.9,2.6,146,97.3,66.6
8.3,4,2,49,594,330,1.7,192,122.7,63.9
8.1,4,2,49,529,293.9,2.1,140,88,62.9
7.5,5,1,49,810,450,3.7,123,76.7,62.4
7.9,4,2,49,654,363.3,3.2,113,66.6,58.9
7.9,4,2,49,630,350,3.5,98.6,53.3,54.1
7.8,4,1,49,841,467.2,9.6,48.7,24.6,50.5
8.3,4,2,49,706,392.2,2.7,147,72.9,49.6
8.2,4,2,49,679,377.2,4.3,86.9,42.3,48.7
8.5,4,3,49,467,259.4,3.6,72.2,34.8,48.2
8.4,4,3,49,462,256.6,4.2,61.8,27.9,45.1
7.8,4,2,49,666,370,4.3,86.9,38.7,44.5
8.2,4,1,49,710.2,394.5,4.8,81.6,26.5,32.5
7.8,4,1,49,725,402.7,3.4,117,8.1,6.9
8.1,4,3,48.8,453,251.6,2.1,118,95,80.5
8.1,5,1,48.6,692,384.4,1.7,220,82.7,37.6
8.2,4,3,48.4,603,335,3.3,100,71.5,71.5
7.9,4,2,48,694,385.5,3.8,102,101.8,99.8
7.7,4,2,48,550,305.5,5.6,55,50.5,91.8
8.1,4,2,48,563,312.7,3.4,92.1,77.3,83.9
7.7,4,3,48,686,381.1,3.8,100,65.4,65.4
8.1,4,2,48,714,396.6,4.3,91.7,55.3,60.3
7.9,4,2,48,650,361.1,3.4,107,63.6,59.4
8.1,4,2,48,576,320,2.1,150,87.5,58.3
8.8,4,3,48,503,279.4,2.6,109,63.3,58.1
8.2,4,2,48,843,468.3,4.6,102,57.8,56.7
7.9,4,2,48,688,382.2,2.9,130,66.3,51
8,4,2,48,628,348.9,4.7,73.5,32.3,43.9
7.7,4,2,48,620,344.4,4.7,73.3,32.1,43.8
8,4,2,48,687,381.6,4.7,81,30.4,37.5
8.2,4,2,47.9,618,343.3,4.3,79.3,29.2,36.8
8.3,4,2,47.1,620,344.4,4.4,78.6,27.6,35.1
8.1,4,3,47,588,326.6,2.4,136,103.2,75.9
7.9,4,2,47,690,383.3,2.9,130,94.4,72.6
7.7,4,2,47,522,290,4.2,69.1,49.8,72.1
8,5,3,47,601,333.9,2.5,133,91.4,68.7
7.9,4,2,47,546,303.3,2.8,107,73.4,68.6
8.6,4,2,47,552,306.6,1.4,214,135.8,63.5
7.8,4,2,47,591,328.3,2.8,117,73.3,62.6
8.5,4,2,47,709,393.8,2.3,173,107.1,61.9
7.9,4,2,47,630,350,3.3,106,65.6,61.9
7.9,4,2,47,615,341.6,3,115,68.3,59.4
7.7,4,2,47,660,366.6,3.5,106,58,54.7
8,4,2,47,661,367.2,4.2,87.2,42.2,48.4
7.8,4,2,47,676,375.5,4.3,88.3,41.4,46.9
8.1,5,1,46.7,670,372.2,1.9,194,114.3,58.9
8.1,4,3,46.6,444,246.6,2,124,99.5,80.2
8,4,1,46.3,792,440,1.8,249,54,21.7
8,4,2,46,665,369.4,3.2,115,107.4,93.4
7.7,4,2,46,691,383.9,2.8,138,105.8,76.7
7.5,4,2,46,604,335.5,2.9,117,82.8,70.8
7.9,4,2,46,666,370,2.7,138,96.1,69.6
7.9,5,1,46,605,336.1,3.7,91.1,61.5,67.5
7.7,4,1,46,776.1,431.1,6.3,68.9,46.2,67.1
8.2,4,2,46,642,356.6,3.3,107,67.9,63.5
8,4,1,46,673.9,374.4,3.7,100,63,63
8.1,5,3,46,604,335.5,2.5,134,83.7,62.5
7.7,4,2,46,664,368.9,2.4,152,94.3,62
8.4,4,3,46,485,269.4,2.7,98.9,60.7,61.4
8.2,4,2,46,652,362.2,2.8,130,76.8,59.1
8.2,4,2,46,614,341.1,2.1,162,93.4,57.7
7.9,4,2,46,613,340.5,3.4,99.6,57.2,57.4
7.9,4,3,46,593,329.4,2.5,131,74.7,57
7.6,4,2,46,698,387.7,3.3,119,67.6,56.8
7.7,4,1,46,782,434.4,6.5,66.4,36.3,54.7
7.8,4,2,46,645,358.3,3.6,99.6,51.7,51.9
7.9,4,1,46,801,445,6.2,71.7,37,51.6
7.7,4,2,46,692,384.4,4.2,92.4,46.6,50.4
8.2,4,3,46,565,313.9,2.2,143,67.8,47.4
8.2,4,3,46,634,352.2,1.8,193,77.1,39.9
8.1,4,2,46,685,380.5,4.4,85.9,23.7,27.6
8,4,2,45.9,684,380,2.3,166,118.4,71.3
8,4,2,45,647,359.4,2.7,134,98.7,73.7
7.7,4,2,45,681,378.3,2.6,148,108.9,73.6
7.7,4,2,45,603,335,4.2,80,58.2,72.8
8.3,4,2,45,639,355,1.7,203,146.6,72.2
8.1,4,3,45,495,275,1.8,149,105.9,71.1
7.8,4,2,45,682,378.9,2.9,132,93.1,70.5
7.9,4,2,45,646,358.9,2.7,132,90.9,68.9
7.9,4,2,45,550,305.5,2.2,136,89.7,66
7.9,4,2,45,675,375,2.4,157,103.3,65.8
7.7,4,2,45,579,321.6,4.5,71.6,45.8,64
8.1,5,1,45,746,414.4,3.5,117,73.2,62.6
7.8,4,2,45,670,372.2,3.1,122,73.1,59.9
8.8,4,3,45,534,296.6,2.2,134,78.6,58.7
7.8,4,1,45,768,426.6,5.7,75.4,40.8,54.1
7.4,4,2,45,703,390.5,5,78.7,41.1,52.2
7.8,4,1,45,845,469.4,10.5,44.9,23.1,51.4
8.2,4,1,45,655.6,364.2,4.6,80,40,50
7.9,4,2,45,648,360,4.3,83.1,36.2,43.6
7.8,4,1,45,670,372.2,3.1,120,43.3,36.1
8.1,4,2,45,692,384.4,3.2,121,41.8,34.5
8.1,5,1,44.9,553,307.2,3.2,95.6,67.6,70.7
8.2,4,3,44.9,632,351.1,6.1,57.9,18.4,31.8
7.9,4,2,44.8,578,321.1,3.1,105,69.8,66.5
8.4,4,3,44.4,634,352.2,14,25.2,23.7,94
8.3,4,1,44.4,735,408.3,5.2,78,57.5,73.7
7.8,4,1,44.4,741,411.6,4,102,50.7,49.7
8.1,4,3,44.2,647,359.4,1.9,186,88.7,47.7
7.6,4,2,44,574,318.9,4.6,70,57.3,81.9
7.8,4,2,44,691,383.9,3.3,116,91.4,78.8
7.9,4,2,44,554,307.7,3.5,88,69.1,78.5
7.6,5,2,44,616,342.2,2.3,148,101.1,68.3
8.1,4,2,44,666,370,2.6,142,95.9,67.5
7.7,4,2,44,695,386.1,2.8,138,91.4,66.2
7.9,4,2,44,556,308.9,2.1,150,94.1,62.7
8,4,2,44,448,248.9,1.6,160,93.8,58.6
8.1,4,1,44,766,425.5,5.8,73.3,42.9,58.5
8.5,4,2,44,682,378.9,2.2,173,99.4,57.5
7.8,4,1,44,777,431.6,6,71.9,40.8,56.7
7.7,5,1,44,790,438.8,3.6,121,62.5,51.7
7.9,4,2,44,633,351.6,2.6,133,66.5,50
8,4,2,44,649,360.5,4.1,87.5,43.2,49.4
8.1,4,1,44,618.2,343.4,4.9,70.5,31.8,45.1
7.7,4,1,44,675,375,8.7,43.2,11.4,26.4
7.7,4,1,44,680,377.7,3.9,97.7,25,25.6
7.7,4,2,44,672,373.3,2.1,178,13.5,7.6
8,4,2,43.8,533,296.1,3.1,96.7,51.9,53.7
8.6,4,3,43.8,755,419.4,5.5,76.4,21,27.5
8.1,4,3,43.7,600,333.3,2.9,116,70.8,61
8.2,4,2,43.6,545,302.7,3.4,89.2,48.9,54.8
8.1,4,1,43.6,701.8,389.8,5.1,75.7,22.9,30.3
7.5,5,2,43.2,686,381.1,3.5,109,51.6,47.3
8.2,4,2,43.1,693,385,3,130,101.7,78.2
8.1,4,3,43,553,307.2,3.5,88.4,82.4,93.2
7.8,4,2,43,713,396.1,4,98.3,86.9,88.4
8.1,4,2,43,672,373.3,2.4,154,126.3,82
7.7,4,2,43,606,336.6,3.1,109,85.4,78.3
8.1,4,2,43,651,361.6,2.3,158,121.8,77.1
7.9,4,2,43,700,388.9,3.3,119,91.2,76.6
8.1,4,2,43,656,364.4,2.3,161,114.7,71.2
7.7,4,2,43,655,363.9,2.5,148,105.2,71.1
7.9,5,2,43,612,340,3.5,98,69,70.4
7.6,4,3,43,675,375,3.8,99.3,68.1,68.6
7.6,4,2,43,634,352.2,2.3,156,102.4,65.6
8.1,4,2,43,647,359.4,2.2,166,108.6,65.4
7.9,4,2,43,654,363.3,2.3,156,99.1,63.5
7.4,4,3,43,766,425.5,5.2,82.3,51,62
8.1,4,2,43,651,361.6,2.3,156,96.5,61.9
8,4,1,43,767,426.1,5.6,76.1,43.4,57
7.9,4,2,43,660,366.6,3,123,69,56.1
7.6,4,2,43,646,358.9,3.2,112,61.1,54.6
7.9,4,2,43,759,421.6,3,142,76.5,53.9
7.7,4,2,43,689,382.7,4,95.8,49.8,52
8.1,5,1,43,726,403.3,4.1,97.9,46.7,47.7
7.7,4,2,43,716,397.7,2.9,138,34.9,25.3
8,5,1,42.6,626,347.7,3.4,101.8,77.3,75.9
8.1,4,1,42.3,773,429.4,5.8,73.8,43.3,58.7
7.9,4,2,42,651,361.6,2.3,159,108.9,68.5
8.3,5,3,42,598,332.2,2.5,132,84.7,64.2
7.8,4,2,42,638,354.4,3.3,108,69.3,64.2
7.9,4,2,42,653,362.7,3,122,71.4,58.5
7.8,4,2,42,634,352.2,3.2,111,63.2,56.9
8,4,3,42,679,377.2,2.9,131,70.5,53.8
7.3,4,3,42,763,423.8,4.5,93.6,50.3,53.7
8.3,4,2,42,646,358.9,2.8,130,60.4,46.5
8,4,2,42,633,351.6,4.2,83.8,37.6,44.9
8.4,4,1,42,683.3,379.6,7.2,52.4,21.4,40.8
7.9,4,2,42,656,364.4,2.8,131,1,0.8
8,4,1,41.9,763.7,424.2,5.7,74.8,46.1,61.6
8.3,4,2,41.2,585,325,2,160.2,92.2,57.6
7.8,4,2,41.2,628,348.9,3,115,60.5,52.6
8,4,2,41.2,463,257.2,2.2,117,59.7,51
7.9,4,3,41,570,316.6,2.3,139,128.6,92.5
8,4,3,41,550,305.5,4,76.3,65.3,85.6
8.3,4,3,41,658,365.5,3.2,114,92.7,81.3
8.3,4,3,41,593,329.4,1.8,186,148,79.6
8.3,4,3,41,666,370,3.2,114,81.7,71.7
7.9,4,2,41,684,380,4.2,90.2,61.7,68.4
8.2,4,2,41,730,405.5,5.3,76.8,51.7,67.3
7.9,4,2,41,648,360,3.5,104,69.6,66.9
7.8,4,2,41,648,360,4.3,83.5,55.4,66.3
7.9,4,2,41,424,235.5,2.4,99.4,62.4,62.8
7.6,4,2,41,538,298.9,3.6,82.9,52,62.7
8.3,4,3,41,661,367.2,2.5,144,88.1,61.2
7.9,4,2,41,770,427.7,2.5,172,100.1,58.2
8.1,4,2,41,681,378.3,3.7,103,58.5,56.8
8.5,4,3,41,683,379.4,3.7,103,57.3,55.6
8.6,4,3,41,670,372.2,2,184,91.7,49.8
7.8,4,2,41,609.8,338.7,4.2,81.1,35.7,44
8.2,4,2,41,818,454.4,2.3,200,84.5,42.3
7.9,4,2,40.8,652,362.2,3.1,118,73.3,62.1
8.1,4,1,40.6,705.7,392,4.9,80,39.4,49.3
7.9,4,2,40,644,357.7,2.5,141,124,87.9
7.8,4,2,40,639,355,2.8,129,107.8,83.6
7.8,4,2,40,682,378.9,2.9,132,103.8,78.6
7.5,4,2,40,645,358.3,5.2,68.5,53,77.4
8,4,2,40,548,304.4,3.1,98.3,73,74.3
8,4,3,40,577,320.5,1.8,178,129,72.5
8.1,4,2,40,569,316.1,2,161,109.1,67.8
8.2,4,2,40,720,400,4.8,82.8,55.8,67.4
8.3,4,2,40,571,317.2,1.5,205,137.5,67.1
8.4,4,3,40,714,396.6,2.3,169,112.5,66.6
8.5,4,2,40,597.5,331.9,2,165,107.5,65.2
8,4,2,40,706,392.2,1.8,215,138.4,64.4
7.5,4,3,40,650,361.1,2.8,131,83.9,64
8.1,4,2,40,580,322.2,2.2,149,91.7,61.5
8.5,4,2,40,461,256.1,1.5,172,101.6,59.1
8,4,3,40,555,308.3,2,155,90,58.1
7.7,4,2,40,751,417.2,2.6,162,92.2,56.9
8.9,4,2,40,548,304.4,1.2,245,137.9,56.3
7.8,4,2,40,690,383.3,4.5,85,41.9,49.3
8.2,4,2,40,697,387.2,4.8,80,32.7,40.9
7.9,4,2,40,648,360,3.7,96.9,31.4,32.4
8.4,4,3,39.9,686,381.1,5.3,72.5,36.7,50.6
8.2,4,3,39.8,645,358.3,1.9,192,102.8,53.5
7.8,5,1,39.7,625,347.2,3.4,102.2,68.1,66.6
7.4,4,1,39.7,740,411.1,8.6,47.9,18.5,38.6
8.3,4,1,39.6,638.9,354.9,3.8,93.4,45.5,48.7
7.8,5,1,39.5,649,360.5,3.6,99.9,68.2,68.3
7.8,4,2,39,656,364.4,2.4,152,135.1,88.9
8.3,4,3,39,603,335,4.2,79.1,69.1,87.4
7.7,4,2,39,630,350,3.2,108,92.1,85.3
7.9,4,2,39,663,368.3,2.4,153,125.4,82
8.1,4,2,39,601,333.9,2.5,135,108.2,80.1
8.2,4,2,39,706,392.2,6.1,64.6,50.2,77.7
8.2,4,3,39,582,323.3,1.7,187,140.4,75.1
8.1,4,2,39,612,340,2.3,151,113.1,74.9
7.6,4,2,39,607,337.2,4.3,77.9,57.9,74.3
7.9,4,2,39,617,342.7,2.5,135,99.7,73.9
8,4,3,39,580,322.2,2.8,116,84.6,72.9
8,4,2,39,720,400,1.9,213,147.8,69.4
7.8,4,1,39,610.3,339,3.4,100,64.1,64.1
7.8,4,3,39,568,315.5,1.8,177,111.8,63.2
7.8,4,2,39,726,403.3,5.2,78.2,44.8,57.3
7.7,4,2,39,709,393.8,3.6,109,61.9,56.8
7.5,4,2,39,695,386.1,2.4,164,92.1,56.2
8.1,4,2,39,747,415,2.3,181,99.7,55.1
8.1,4,2,39,758,421.1,2.6,161,87.9,54.6
7.9,4,1,39,761,422.7,4.8,87.2,47.5,54.5
7.4,4,3,39,772,428.8,4.4,97.9,49.4,50.5
8,4,2,39,675,375,3.1,121,59.3,49
7.9,4,2,39,699,388.3,3.4,113,54.4,48.1
7.9,4,2,39,654,363.3,4,90.1,27.2,30.2
8.1,4,3,38.9,416,231.1,1.7,133,124.2,93.4
7.3,4,1,38.6,750,416.6,5.6,74.8,26.8,35.8
8.1,4,3,38,549,305,1.8,171,146,85.4
8.3,4,3,38,525,291.6,1.9,155,127.7,82.4
7.8,4,2,38,638,354.4,2.6,138,109.8,79.6
8.3,4,2,38,621,345,2.3,147,113.8,77.4
7.8,4,2,38,716,397.7,1.9,214,156.5,73.1
7.4,4,3,38,616,342.2,2.5,136,93.7,68.9
8.6,4,2,38,579,321.6,1.9,170,114.5,67.4
8.3,4,3,38,626,347.7,2,171,112.1,65.6
7.5,4,2,38,666,370,2.6,145,93.7,64.6
8.4,4,2,38,738,410,4.6,89.5,56.6,63.2
8.1,4,3,38,674,374.4,2.2,170,105.7,62.2
7.5,4,3,38,625,347.2,3.4,102,62.9,61.7
8.7,4,3,38,684,380,3.4,113,69.1,61.2
7.7,4,2,38,745,413.8,5.2,80.3,47.9,59.7
7.9,4,3,38,599,332.7,3,112,63.4,56.6
7.7,4,2,38,704,391.1,4.3,91.3,51.1,56
8.1,4,2,38,742,412.2,2.2,187,98.8,52.8
7.7,4,2,38,697,387.2,3.3,118,59.1,50.1
7.9,4,3,38,672,373.3,2.7,136,65.8,48.4
7.6,4,2,38,660,366.6,3.9,93.6,31.4,33.5
8.1,4,3,37.9,428,237.8,1.7,137,127.1,92.8
8.1,4,2,37.7,493,273.9,2.5,111,58.2,52.4
8,4,3,37.5,584,324.4,2.7,121,66.5,55
8.1,4,3,37.2,664,368.9,1.8,206,115.4,56
8.2,4,3,37,506,281.1,1.9,146,134.7,92.3
7.9,4,2,37,658,365.5,2.5,148,125.1,84.5
7.7,4,3,37,580,322.2,2.3,141,108.9,77.2
7.9,4,2,37,584,324.4,1.6,200,135.1,67.6
8.2,4,1,37,621.6,345.3,3,116.2,78.4,67.5
8.2,4,2,37,715,397.2,2,198,130.2,65.8
8.1,4,3,37,635,352.7,2.1,167,106,63.5
8.1,4,3,37,580,322.2,1.7,188,117.3,62.4
7.9,4,2,37,737,409.4,4.5,91.4,56.5,61.8
7.7,4,3,37,692,384.4,2.2,178,107.8,60.6
7.9,4,2,37,633,351.6,3,116,69.1,59.6
7.7,4,2,37,700,388.9,2.4,159,92.8,58.4
7.8,4,2,37,671,372.7,3.4,109,62.2,57.1
7.9,4,3,37,600,333.3,2.5,131,70,53.4
8.2,4,2,37,731,406.1,2.2,182,95.1,52.3
7.6,4,1,37,865,480.5,10.2,47.1,24.1,51.2
8.3,4,2,37,706,392.2,4.4,89.2,41.5,46.5
7.8,4,2,37,645,358.3,3.5,101,34.3,34
8.4,4,3,36.8,362,201.1,5.4,37.5,37,98.7
8.1,4,3,36,596,331.1,1.8,189,153.7,81.3
8,4,3,36,562,312.2,2.9,108,84.7,78.4
7.5,4,3,36,733,407.2,4.6,88.6,69.2,78.1
8.1,4,3,36,594,330,2,163,123.2,75.6
8,4,2,36,654,363.3,1.7,213,160.2,75.2
8.4,4,2,36,708,393.3,4.5,87.8,64.7,73.7
7.9,4,2,36,628,348.9,1.7,206,148.5,72.1
8.1,4,2,36,669,371.6,1.8,212,149,70.3
7.6,4,3,36,684,380,2.4,160,109.4,68.4
8.1,4,2,36,623,346.1,2.5,139,92.9,66.8
7.5,4,3,36,681,378.3,2.5,152,100.9,66.4
8,4,3,36,500,277.8,2.5,109,72.2,66.2
7.5,4,2,36,640,355.5,3.9,91.7,60.6,66.1
8,4,2,36,718,398.8,1.8,224,143.7,64.2
7.5,4,3,36,612,340,2.3,146,92.9,63.6
7.8,4,3,36,592,328.9,2,163,103.5,63.5
7.6,4,3,36,590,327.7,2.1,156,95.2,61
8.3,4,2,36,597,331.6,2.7,123,71.9,58.5
8,4,3,36,696,386.6,2,193,112.6,58.3
8.3,4,2,36,600,333.3,4.2,79.7,45.4,57
8,4,2,36,735,408.3,4.9,83.3,46.8,56.2
7.9,4,2,36,620,344.4,2.9,120,65.7,54.8
7.8,4,2,36,635,352.7,3,118,63.2,53.6
7.2,4,1,36,730,405.5,6.1,67,31,46.3
7.2,4,1,36,733.3,407.3,6.1,66.7,30.6,45.9
7.9,4,3,35.4,682,378.9,4.8,79.1,20,25.3
7.9,4,3,35,580,322.2,2.4,136,110.3,81.1
8.1,4,3,35,546,303.3,1.7,177,142.3,80.4
7.5,4,2,35,678,376.6,2.4,159,119.8,75.3
7.5,4,3,35,587,326.1,2.3,139,100.3,72.2
7.9,4,2,35,633,351.6,2.4,145,97.1,67
8.1,4,2,35,506,281.1,1.5,189,126.5,66.9
8.3,4,2,35,545,302.7,2.2,138,91.6,66.4
8.1,4,3,35,636,353.3,2.1,169,109.3,64.7
8,4,2,35,408,226.6,1.3,171,109.2,63.9
7.8,4,3,35,522,290,1.6,186,117.4,63.1
7.6,4,3,35,765,425,4.5,94.3,59.5,63.1
8.7,4,2,35,553,307.2,2.4,127,79.2,62.4
7.6,4,3,35,709,393.8,3.2,125,77.1,61.7
8,4,3,35,727,403.8,2.1,196,119.4,60.9
7.5,4,3,35,574,318.9,2,160,95,59.4
8.3,4,3,35,565,313.9,2.5,125,64.9,51.9
8.7,4,1,34.2,561.4,311.9,4.3,73.1,32.2,44
8.3,4,3,34,559,310.5,1.7,179,157.4,87.9
7.9,5,2,34,622,345.5,2,173,144,83.2
7.9,4,3,34,423,235,1.3,175,131.1,74.9
7.6,4,2,34,638,354.4,4.7,75.3,54.7,72.6
7.6,4,2,34,515,286.1,1.5,189,133.9,70.8
8,4,2,34,409,227.2,1.3,170,120.2,70.7
8,4,2,34,438,243.3,1.3,190,133.8,70.4
8.5,4,2,34,675,375,2.4,155,104.6,67.5
7.8,4,2,34,626,347.7,2.3,150,100.7,67.1
7.8,4,3,34,667,370.5,2.3,162,107.9,66.6
7.9,4,3,34,648,360,2.1,168,111.2,66.2
7.8,4,3,34,652,362.2,1.9,192,126.8,66
7.8,4,3,34,572,317.7,1.7,186,120.7,64.9
7.8,4,2,34,679,377.2,2.7,138,89.3,64.7
8.5,4,3,34,681,378.3,3.1,121,71.6,59.2
7.3,4,3,34,758,421.1,3.9,108,62.2,57.6
7.7,4,3,34,710,394.4,2.9,134,75.5,56.3
8.1,4,2,34,588,326.6,4.2,78.4,42.9,54.7
7.6,4,2,34,692,384.4,2.9,132,72.2,54.7
7.1,4,3,34,766,425.5,3.6,119,63.6,53.4
7.5,4,1,34,835,463.8,10.5,44.3,22.7,51.2
7.4,4,1,34,649,360.5,8.2,43.7,21.7,49.7
7.9,4,2,34,682,378.9,2.5,152,73.5,48.4
8.3,4,3,33.8,632,351.1,4.3,80.8,31,38.4
8.3,4,3,33.7,652,362.2,4.7,77.2,33.7,43.7
8.1,4,2,33,516,286.6,1.3,214,179,83.6
7.9,4,2,33,781,433.8,5.6,77,61.2,79.5
7.8,4,3,33,568,315.5,2.1,147,115.2,78.4
7.8,4,2,33,522,290,1.4,211,152.5,72.3
8.1,4,3,33,665,369.4,1.7,221,158.2,71.6
7.4,4,3,33,596,331.1,1.9,171,120,70.2
8.3,4,2,33,669,371.6,3.9,94.5,65.9,69.7
7.9,4,3,33,517,287.2,1.5,189,130.6,69.1
7.9,4,3,33,644,357.7,2.1,174,118.5,68.1
7.9,4,3,33,656,364.4,2.1,171,112,65.5
7.9,4,3,33,669,371.6,1.9,192,124.5,64.8
7.9,4,3,33,632,351.1,2,173,110.6,63.9
7.9,4,3,33,635,352.7,2,174,109.6,63
7.8,4,3,33,578,321.1,2.3,137,84.5,61.7
7.9,4,2,33,693,385,3.7,103,60.6,58.8
8.2,4,2,33,743,412.7,2.1,197,112.4,57.1
7.7,4,2,33,678,376.6,3.8,100,56.9,56.9
7.5,4,3,33,649,360.5,2.7,132,75.1,56.9
7.8,4,2,33,704,391.1,2.9,135,75.7,56.1
8.3,4,3,33,659,366.1,4.6,78.8,32.5,41.2
8.3,4,2,32.8,585.4,325.2,1.7,192.1,128,66.6
8.2,4,3,32,526,292.2,1.7,169,157.8,93.4
7.8,4,3,32,577,320.5,2.2,144,129.9,90.2
7.9,5,2,32,623,346.1,1.9,182,147.4,81
7.6,4,3,32,681,378.3,2.1,183,142.7,78
8,4,3,32,540,300,2.1,141,107.4,76.2
7.5,4,3,32,719,399.4,3.5,113,85.9,76
7.7,4,3,32,628,348.9,3,116,87.1,75.1
7.9,5,2,32,447,248.3,1.4,178,132.7,74.6
7.6,4,3,32,623,346.1,2.5,139,98.9,71.2
7.7,4,3,32,682,378.9,2,188,131.6,70
7.9,5,2,32,639,355,1.7,208,145.6,70
7.9,4,2,32,632,351.1,1.7,208,138.8,66.7
7.9,4,2,32,606,336.6,2.1,161,107.1,66.5
7.9,4,2,32,685,380.5,3.6,107,71.1,66.4
7.5,4,2,32,671,372.7,4.6,80.9,53.4,66
8,4,2,32,667,370.5,1.8,208,136.6,65.7
7.8,4,3,32,635,352.7,2.1,171,111.7,65.3
8.6,4,2,32,528,293.3,2.6,114,74.1,65
7.7,4,2,32,650,361.1,2.3,160,103.6,64.8
8.1,4,3,32,668,371.1,1.5,240,154.4,64.3
8.2,4,3,32,544,302.2,1.8,172,110,64
7.7,4,2,32,637,353.9,2.2,162,98.5,60.8
8.1,4,2,32,687,381.6,2,189,112,59.3
7.5,4,3,32,601,333.9,2.6,126,71.1,56.4
7.8,4,2,32,641,356.1,2.2,163,87.7,53.8
7.7,4,2,32,666,370,2.2,165,57.5,34.8
8.2,4,3,31.5,635,352.7,1.7,204,125.1,61.3
7.8,4,3,31,602,334.4,2.3,146,127.7,87.5
7.7,4,3,31,693,385,2.4,161,122,75.8
8.3,4,3,31,556,308.9,2.1,146,106.8,73.2
7.7,4,2,31,624,346.6,2.8,122,88.3,72.4
8.3,4,3,31,535,297.2,1.9,158,113.4,71.8
8.3,4,3,31,623,346.1,1.9,182,127.1,69.8
7.6,4,3,31,592,328.9,2.6,127,83.3,65.6
8,5,2,31,655,363.9,1.7,215,138.2,64.3
7.8,4,2,31,562,312.2,1.6,196,124.3,63.4
7.6,4,2,31,667,370.5,3.4,108,68.1,63.1
7.8,4,2,31,689,382.7,4.2,91,57.3,63
7.8,4,2,31,653,362.7,3.4,106,66.5,62.7
8.1,4,2,31,667,370.5,2.3,163,100.7,61.8
8.4,4,3,31,740,411.1,6.5,62.9,38.8,61.7
7.7,4,3,31,705,391.6,2.8,139,82.8,59.6
7.5,4,1,31,816,453.3,10.1,44.7,26.4,59.1
7.8,4,2,31,693,385,2.9,133,55.4,41.7
8.2,4,3,30.9,468,260,1.5,178,147.1,82.6
8.2,4,3,30.3,362,201.1,1.2,170,154,90.6
8.3,4,3,30,524,291.1,1.7,173,158.9,91.8
8.2,4,3,30,532,295.5,1.9,153,138,90.2
7.7,4,3,30,592,328.9,2.4,139,115.9,83.4
7.7,4,3,30,667,370.5,2.1,173,144,83.2
7.8,4,2,30,662,367.7,3.9,94.3,75.1,79.6
7.7,4,2,30,697,387.2,4.7,83,65.7,79.2
7.6,4,3,30,579,321.6,1.9,166,129.3,77.9
7.2,4,3,30,627,348.3,2.8,126,96.9,76.9
7.9,4,2,30,647,359.4,3.8,94.7,72.7,76.8
8.1,4,2,30,429,238.3,1.1,220,156.7,71.2
7.9,4,3,30,621,345,2,176,122,69.3
8.1,4,3,30,533,296.1,2.3,127,87.3,68.7
8.4,4,3,30,540,300,1.9,160,107.9,67.4
8,4,2,30,581,322.7,3.5,92.7,60.5,65.3
7.5,4,3,30,637,353.9,2.7,130,84.2,64.8
7.6,4,2,30,536,297.7,1.5,198,126.9,64.1
8.1,4,2,30,668,371.1,3.1,119,75.3,63.3
8.6,4,2,30,633.3,351.8,2.2,163.3,103.3,63.3
7.9,4,2,30,657,365,3,122,75.3,61.7
7.6,4,3,30,707,392.7,2.6,152,92.7,61
8.1,4,1,30,644,357.7,4.5,79.7,47.8,60
7.6,4,3,30,597,331.6,2.5,132,77.5,58.7
7.7,4,1,30,803,446.1,8.1,55,31.9,58
8.4,4,3,30,694,385.5,1.7,228,118.9,52.1
7.8,4,3,29.9,664,368.9,4.1,90,30.1,33.4
8.5,4,2,29.8,547,303.9,1.3,238.3,154.4,64.8
8.1,4,3,29.5,463,257.2,1.4,190,167,87.9
8.1,4,1,29.4,591.8,328.7,2.9,112.2,54.4,48.5
8.2,4,3,29,524,291.1,1.9,152,141.6,93.2
7.9,4,3,29,655,363.9,2.2,165,149.2,90.4
8.8,4,1,29,573,318.3,7,45.2,40.4,89.4
7.8,4,3,29,585,325,2.5,132,112.7,85.4
8.3,4,3,29,560,311.1,1.8,175,146,83.4
7.9,4,2,29,616,342.2,1.7,196,161.2,82.2
7.9,5,2,29,684,380,2.6,144,117.7,81.7
7.5,4,3,29,632,351.1,2.9,120,93.6,78
7.6,4,3,29,595,330.5,2.5,131,101.3,77.3
7.8,4,3,29,668,371.1,2.6,144,109.8,76.3
8.8,4,1,29,682,378.9,7.1,53.4,38,71.2
7.6,4,3,29,688,382.2,2.2,171,118.9,69.5
8.2,4,2,29,610,338.9,1.3,258,173.6,67.3
8.1,4,3,29,530,294.4,1.7,169,111.7,66.1
8.2,4,2,29,417,231.6,1.8,126,82.8,65.7
8,4,3,29,535,297.2,1.6,183,120,65.6
8.1,4,2,29,633,351.6,2.1,167,108.9,65.2
7.6,4,3,29,621,345,3.1,111,72.2,65
7.6,4,3,29,675,375,2.2,167,108,64.7
7.5,4,2,29,704,391.1,4.6,85.5,54.9,64.2
7.9,4,2,29,703,390.5,1.7,233,143.9,61.8
7.6,4,2,29,681,378.3,2.5,153,91.7,59.9
7.6,4,2,29,716,397.7,4.1,97.2,57.8,59.5
8.6,4,2,29,697,387.2,1.5,259,151.5,58.5
7.5,4,3,29,625,347.2,2.3,148,81.9,55.3
8,4,1,29,740,411.1,5.2,79.7,43.6,54.7
8.2,4,3,28.5,444,246.6,1.4,177,157.2,88.8
8.1,4,3,28.5,412,228.9,1.3,179,158.5,88.5
7.6,4,3,28,597,331.6,2.7,123,102.5,83.3
7.7,4,2,28,747,415,4.1,100,82.4,82.4
7.5,4,3,28,678,376.6,2.4,160,126.6,79.1
7.8,4,3,28,662,367.7,2,184,138.1,75.1
7.8,4,2,28,651,361.6,1.6,220,162.3,73.8
7.4,4,3,28,691,383.9,3.2,120,85.1,70.9
8.2,4,3,28,471,261.6,1.1,231,162.3,70.3
8,4,3,28,518,287.7,1.5,189,132.4,70.1
8.2,4,2,28,747,415,2,204,138.4,67.8
7.8,4,2,28,602,334.4,1.8,181,119.8,66.2
7.8,4,2,28,602,334.4,1.8,181,119.8,66.2
7.6,4,3,28,657,365,2.8,132,86.7,65.7
7.9,4,2,28,675,375,1.9,200,126.2,63.1
7.8,4,1,28,771,428.3,5.9,73,44.1,60.4
8.1,4,3,28,669,371.6,1.5,241,139,57.7
7.8,4,2,28,704,391.1,2.7,145,82,56.6
7.9,4,1,28,743,412.7,5.2,79,42,53.2
7.4,4,2,28,709,393.8,3.4,116,51.2,44.1
8.1,4,3,27,536,297.7,1.8,170,157.4,92.6
8,4,3,27,524,291.1,1.6,178,162.7,91.4
7.7,4,3,27,597,331.6,2.3,145,128.2,88.4
8.1,4,3,27,554,307.7,2.2,139,114.5,82.4
7.6,4,3,27,674,374.4,2.5,150,117.8,78.5
8,4,3,27,500,277.8,1.7,167,124,74.3
7.8,4,3,27,678,376.6,2.1,181,133.9,74
7.7,4,3,27,676,375.5,2.5,151,111.5,73.8
8,5,2,27,657,365,1.7,215,156.3,72.7
8.2,4,3,27,548,304.4,1.6,193,135.3,70.1
7.5,4,3,27,706,392.2,2.3,174,117.1,67.3
7.7,4,2,27,645,358.3,1.6,230,154.3,67.1
7.7,4,3,27,718,398.8,2.9,137,90.7,66.2
7.8,5,2,27,549,305,12.1,25.2,16.6,65.9
7.4,4,3,27,702,390,3,130,83.5,64.2
7.7,4,2,27,675,375,3.8,99.3,61.7,62.1
7.6,4,2,27,675,375,2.6,143,71.6,50.1
8,4,3,26.5,451,250.5,1.2,207,178.9,86.4
8.6,4,3,26.3,360,200,1.3,155,153.9,99.3
7.1,4,1,26.3,710,394.4,4.9,79.8,43.5,54.5
7.8,4,3,26,623,346.1,13.7,25.2,23.9,94.8
7.6,4,3,26,615,341.6,2.8,121,100.2,82.8
7.8,5,1,26,602,334.4,2.2,153,118.9,77.7
8.2,4,3,26,596,331.1,1.7,192,149.2,77.7
8,4,2,26,655,363.9,1.7,212,163.8,77.3
8.3,4,3,26,571,317.2,1.5,205,151.2,73.8
7.7,4,3,26,643,357.2,1.7,207,151.9,73.4
8.1,4,3,26,519,288.3,1.6,185,129.5,70
7.5,4,3,26,706,392.2,2.8,142,94,66.2
7.7,4,1,26,808,448.8,6.4,70.4,46.5,66.1
7.8,4,1,26,744,413.3,5.6,73.7,45.8,62.1
7.8,4,1,26,738,410,5.6,73.7,45,61.1
7.5,4,2,26,683,379.4,3.5,107,55.8,52.1
8.2,4,3,25.8,367,203.9,1.1,193,185.9,96.3
7.2,4,1,25.4,724,402.2,3,133,58.9,44.3
7.6,4,3,25,666,370,2.4,157,151.2,96.3
7.4,4,3,25,698,387.7,3.2,122,101,82.8
8.3,4,3,25,539,299.4,1.7,180,146.2,81.2
7.4,4,3,25,696,386.6,3.1,124,94,75.8
7.5,4,3,25,691,383.9,2.9,133,100.2,75.3
7.6,4,3,25,630,350,2,177,132.4,74.8
7.7,4,3,25,674,374.4,2.1,178,131.4,73.8
8,4,3,25,511,283.9,1.3,212,156.4,73.8
7.7,4,3,25,652,362.2,2.3,157,114.7,73.1
7.1,4,3,25,711,395,2.9,138,98.2,71.2
8.2,4,3,25,598,332.2,1.7,196,139.4,71.1
8.1,4,3,25,477,265,1.1,236,165.1,70
7.9,4,1,25,741,411.6,5.5,75,48.6,64.8
7.7,4,3,25,709,393.8,3.3,119,70.7,59.4
8.1,4,3,25,528,293.3,1.8,164,96.5,58.8
8.1,4,3,25,710,394.4,2.9,135,78.4,58.1
7.6,4,2,25,675,375,2.3,162,80,49.4
8,4,3,24.8,615,341.6,1.7,204,163.6,80.2
8.2,4,2,24.6,573.2,318.4,1.9,170.7,93.5,54.8
8.1,4,3,24.4,604,335.5,1.7,199,159,79.9
8.6,4,3,24.1,364,202.2,1.2,169,166.3,98.4
7.8,5,2,24,587,326.1,1.9,169,157.5,93.2
8.3,4,3,24,607,337.2,1.8,185,168.4,91
8.1,4,2,24,479,266.1,1,257,214.1,83.3
7.9,4,2,24,660,366.6,2.1,172,142.9,83.1
7.4,4,3,24,650,361.1,2,179,146.5,81.8
7.6,4,3,24,664,368.9,2.3,159,127.9,80.4
8.1,4,3,24,597,331.6,1.5,215,172.1,80
8.1,4,3,24,587,326.1,1.8,182,145,79.7
7.3,4,3,24,679,377.2,2.6,144,105.2,73.1
7.5,4,3,24,687,381.6,2.9,131,91.8,70.1
7.7,4,2,24,678,376.6,4.4,85.4,58.9,69
8,4,1,24,743,412.7,5.5,75.7,47.7,63
8.2,4,2,24,579.2,321.7,1.8,175,95.8,54.7
7.9,4,1,24,630,350,1.6,225,54.2,24.1
7.9,4,1,24,629.2,349.5,6.4,54.2,12.5,23.1
8.1,4,3,23.8,612,340,1.7,202,168.5,83.4
8.3,4,3,23.7,364,202.2,0.9,222,208.3,93.8
8.1,4,2,23.3,590,327.7,1.7,195,143.8,73.7
8.2,4,3,23,590,327.7,1.8,179,177.4,99.1
8.2,4,3,23,604,335.5,1.9,180,159.4,88.6
7.6,4,3,23,538,298.9,2,148,130.2,88
8.4,4,3,23,555,308.3,1.6,188,164.3,87.4
7.5,4,3,23,569,316.1,2.2,147,125.5,85.4
8.4,4,3,23,576,320,1.7,187,147,78.6
7.7,4,3,23,643,357.2,1.7,205,154.6,75.4
7.4,4,3,23,614,341.1,2,173,108.5,62.7
8.2,4,3,22.1,660,366.6,6.2,59.6,55,92.3
7.9,4,2,22,610,338.9,1.8,190,168,88.4
8.5,4,3,22,640,355.5,1.9,192,164,85.4
7.9,5,2,22,611,339.4,1.8,185,156.4,84.5
7.5,4,3,22,580,322.2,2.2,149,109.1,73.2
7.6,4,3,22,695,386.1,3.1,125,91.4,73.1
7.6,4,3,22,642,356.6,2.9,124,89.1,71.9
8.3,4,3,22,502,278.9,1,276,191.3,69.3
7.7,4,1,22,759,421.6,5.3,79.3,42.4,53.5
8,4,2,21,627,348.3,1.7,208,204.9,98.5
8.1,4,3,21,560,311.1,2.2,142,137,96.5
8.4,4,3,21,578,321.1,1.5,217,181.8,83.8
7.7,4,3,21,669,371.6,2.4,156,116.9,74.9
8.1,4,2,21,691,383.9,1.6,237,146.2,61.7
7.7,4,1,21,744,413.3,5.5,75.4,45.9,60.9
8.5,4,2,21,631,350.5,1.9,188,110.3,58.7
7.7,4,3,20,633,351.6,1.6,215,195.5,90.9
8.2,4,2,20,679,377.2,1.6,235,145.1,61.7
7.7,4,3,19,652,362.2,2.1,175,174.4,99.7
7.9,4,3,19,556,308.9,1.7,186,161.7,86.9
8,4,3,19,557,309.4,1.6,191,155.2,81.3
8.1,4,3,18,548,304.4,1.8,171,166.1,97.1
8.2,5,2,18,482,267.8,1.6,164,127.8,77.9
7.5,4,3,18,643,357.2,1.6,223,171.2,76.8
7.7,4,3,18,648,360,1.8,204,138,67.6
7.9,4,3,18,586,325.5,1.7,194,128.3,66.1
7.8,4,1,18,748,415.5,6.5,63.6,40,62.9
7.7,4,1,18,762,423.3,6,70.6,43.4,61.5
7.7,5,1,17,564,313.3,1.5,205,160.4,78.2
8.1,4,3,16,556,308.9,1.1,283,207.1,73.2
7.5,4,3,14,623,346.1,1.5,228,180.4,79.1
7.1,4,3,13,604,335.5,1.5,220,174.3,79.2
7.7,4,3,13,561,311.6,1.9,160,123.2,77
7.8,4,1,12,727,403.8,4.5,89.4,55.3,61.9
7.5,4,3,11,554,307.7,2.4,130,102,78.5
8.3,4,1,6.7,582.1,323.4,4.3,74.6,29.9,40.1
